"disease","correlation_coefficients"
"Asthma",0.0934656605568805
"Breast cancer",0.503384835639699
"Colorectal cancer",-0.0352640654248182
"Cystic Fibrosis",-0.529331281867298
"Type 2 diabetes",-0.287131654726691
"Hypertension",-0.059506791832112
"Inflammatory bowel disease",0.0959249512108677
"Multiple sclerosis",-0.414287384146761
"Phenylketonuria",-0.0591912954615355
"Prostate cancer",-0.0118003947394084
